{"accuracy": 0.998, "precision": 0.9705882352941176, "recall": 0.99, "f1_score": 0.9801980198019802, "roc_auc": 0.9999736842105263}