{
    "version": "logistic_regression_v1.0",
    "algorithm": "Logistic Regression",
    "training_date": "2026-07-15T18:57:25.093319",
    "metrics": {
        "accuracy": 0.991,
        "precision": 0.7586206896551724,
        "recall": 0.6666666666666666,
        "f1_score": 0.7096774193548387,
        "roc_auc": 0.9906025172929087
    },
    "all_results": {
        "Logistic Regression": {
            "accuracy": 0.991,
            "precision": 0.7586206896551724,
            "recall": 0.6666666666666666,
            "f1_score": 0.7096774193548387,
            "roc_auc": 0.9906025172929087
        },
        "Decision Tree": {
            "accuracy": 0.9885,
            "precision": 0.6388888888888888,
            "recall": 0.696969696969697,
            "f1_score": 0.6666666666666666,
            "roc_auc": 0.8451803238280107
        },
        "Random Forest": {
            "accuracy": 0.9895,
            "precision": 0.75,
            "recall": 0.5454545454545454,
            "f1_score": 0.631578947368421,
            "roc_auc": 0.9907873858051794
        },
        "XGBoost": {
            "accuracy": 0.989,
            "precision": 0.6666666666666666,
            "recall": 0.6666666666666666,
            "f1_score": 0.6666666666666666,
            "roc_auc": 0.9914190198887708
        }
    }
}